0_1	What is the best time of year to visit Egypt for pleasant weather?
0_2	Do I need a visa to travel to Egypt?
0_3	What are the steps I need to follow to apply for a visa to Egypt?
0_4	What is the difference between an E-Visa and a Visa On Arrival for traveling to Egypt?
0_5	Which visa option is more cost-effective, the E-Visa or the Visa On Arrival?
0_6	What are the must-see historical sites in Egypt that I should visit?
0_7	Can you provide specific places of interest to visit in Cairo, the capital of Egypt?
0_8	Can you provide more information about the Egyptian Museum and the Gezira Center for Modern Art?
0_9	What accommodations would you recommend for my stay in Cairo?
0_10	Can you recommend accommodations near the Nile River?
0_11	What is the distance from the Nile Ritz-Carlton to the Egyptian Museum?
0_12	What is the price for one night at the cheapest hotel option you mentioned?
1_1	What are the different types of fragrances available for purchase?
1_2	Are all types of fragrances made with alcohol?
1_3	What is the reason that most fragrances are typically made with alcohol?
1_4	What factors contribute to a fragrance's longevity?
1_5	Can you provide more information about the scents of long-lasting perfumes?
1_6	Can you provide more information about the types of long-lasting fragrances?
1_7	Which sweet-smelling types of fragrances do you recommend?
1_8	What are the most popular floral scent perfumes?
1_9	Could you provide more specific details about the fragrance notes in Chanel No. 5?
1_10	What are the differences between the various levels of notes in fragrances?
1_11	Can you explain the differences between middle, base, and top notes in fragrances?
2_1	What are some budget-friendly travel tips I can use?
2_2	I'm looking for general budget-friendly travel tips, especially for a potential trip I might plan between mid-April to late August.
2_3	What are some recommended national parks to visit?
2_4	Are there any free admission days for national parks?
2_5	What are some lodging options near the Everglades, Great Smoky Mountains, Grand Canyon, Yellowstone, and Zion national parks?
2_6	What are the key differences between the national parks mentioned?
2_7	What are some must-see attractions and activities to experience in Yellowstone National Park?
2_8	What beginner-friendly hiking trails can you recommend in Yellowstone National Park?
2_9	Could you recommend some other eco-friendly travel destinations?
2_10	What are some of the top eco-friendly travel destinations, both domestically and internationally?
2_11	How does Iceland compare to Costa Rica as an eco-friendly travel destination?
2_12	What are some eco-friendly accommodation options in Iceland?
2_13	What are the differences between the Icelandair Hotel Reykjavik Natura and Hotel Ranga in terms of eco-friendliness and amenities?
2_14	Which hotel would you recommend for my stay in Iceland?
3_1	Can you recommend a new perfume for me?
3_2	What are the differences between fragrances for daily wear and those for special occasions?
3_3	Could you provide me with some perfume options for both daily wear and special occasions?
3_4	Could you provide a comparison of the scents of Lolita Lempicka Eau De Toilette Spray and Viktor & Rolf Flowerbomb Eau De Parfum?
3_5	What can you tell me about the perfume that has a woody scent?
3_6	What do reviews say about Tom Ford Sahara Noir?
3_7	What is the longevity of the Oud Wood fragrance from this brand? Does it last all day?
3_8	What are some perfume recommendations based on what we've discussed?
3_9	What are the price comparisons for the first, third, and fourth perfume options?
4_1	What are the common symptoms of depression?
4_2	Could you provide more detailed information about the psychological, physical, and social symptoms of depression?
4_3	Please provide more details about the psychological symptoms of depression.
4_4	Please provide information on the physical symptoms of depression.
4_5	Could you provide more information about weight changes as a symptom of depression?
4_6	Is weight considered an independent factor in depression?
4_7	What are the social symptoms of depression?
4_8	Can my feelings of sadness, low energy, and poor concentration have other reasons, even though I don't feel that bad?
4_9	How does sadness differ from depression?
4_10	What are the typical symptoms of depression?
4_11	Are there any supplements or vitamins that can help alleviate symptoms of sadness and stress, especially in relation to grief and workplace pressure?
4_12	Are there any supplements or vitamins that can help alleviate my lack of energy and feelings of fatigue?
4_13	Can you provide more information about magnesium and how it can help improve my lack of energy and fatigue?
4_14	How can I incorporate magnesium into my diet?
4_15	What is the magnesium content comparison among the nuts mentioned?
4_16	What is the recommended amount of whole cashews to consume in order to absorb 77 mg of magnesium?
4_17	How many bananas would provide the same amount of magnesium as 77mg?
5_1	I'm seeking information on potential causes of persistent hair loss and ways to address my concerns. Can you help?
5_2	Can you elaborate on how stress may be affecting my hair loss?
5_3	What nutritional deficiencies can contribute to hair loss, and how can I prevent becoming a bald father?
5_4	Can you provide information on foods that are high in zinc and copper?
5_5	What are some other foods that are high in copper?
5_6	How do dark chocolate and milk chocolate compare in terms of nutritional value and health benefits?
5_7	What are the differences in zinc content between dark chocolate and milk chocolate?
5_8	Can I take zinc and copper supplements together since many foods contain both nutrients?
5_9	Could regularly wearing a hat contribute to my hair loss?
5_10	Can you share more myths about hair loss?
5_11	What are some widely used treatments for hair loss?
5_12	What are the mechanisms of action for the medications mentioned?
5_13	How do minoxidil and finasteride compare in terms of their effectiveness for treating hair loss?
5_14	Is it safe to use both finasteride and minoxidil together for treating hair loss?
5_15	Are finasteride and minoxidil only effective for male pattern baldness, or can they be used as general treatments for hair loss?
5_16	Thank you for the information; it has been very helpful!
6_1	What skincare routine would be suitable for my oily, acne-prone, and dehydrated skin?
6_2	What specific products should I use for the third step of my skincare routine?
6_3	What products should I use for the third step in my evening skincare routine?
6_4	Could you suggest more serums that would be suitable for my evening skincare routine?
6_5	Is it safe to use Niacinamide serum, Hyaluronic acid serum, and retinoids together in my skincare routine?
6_6	What is the recommended frequency and timing for using salicylic acid and retinol in my skincare routine?
6_7	Can I use Niacinamide serum in combination with salicylic acid and retinol?
6_8	Is it safe to use Niacinamide serum, Salicylic acid, and Retinoids during the day?
6_9	Can you provide information about the use of hyaluronic acid in my skincare routine?
6_10	Can I use hyaluronic acid during the day?
6_11	How should I select a good sunscreen to incorporate into my skincare routine with multiple serums?
6_12	What does "broad spectrum" mean in relation to sunscreen?
6_13	What are the harmful effects of UVA radiation on the skin?
6_14	Which type of radiation is more harmful, UVA or UVB?
6_15	Can you recommend some products that would help protect my skin against UVA rays?
6_16	Can you recommend a face sunscreen with an SPF of over 30?
6_17	Do you have any sunscreens available with an SPF of 150?
7_1	What is double cleansing?
7_2	Is double cleansing suitable for my skincare routine?
7_3	How does double cleansing compare to one-step cleansing?
7_4	Is performing double cleansing in both my morning and evening routines excessive?
7_5	What criteria should I use to choose an oil-based cleanser for the first step of double cleansing?
7_6	Is it possible to use regular oil as a substitute for a cleansing oil in the double cleansing process?
7_7	Could you suggest some suitable cleansing oil products for my skin type?
7_8	Are the recommended oil cleansers from Clinique and CeraVe vegan?
7_9	Is Glycolic acid toner suitable for my skincare routine?
7_10	How should I use glycolic acid toner?
7_11	How should glycolic acid toners be used?
7_12	Are there any other types of toners that would be suitable for my dry skin?
7_13	What about the "Hydrate Your Face" toner from The Ordinary?
7_14	Should toners be applied with cotton pads?
7_15	Are there any other types of toners suitable for my skin?
7_16	Could you provide more information about treatment toners?
8_1	Can you assist me in finding a bicycle?
8_2	I want to use the bike for my daily commute to the gym, university, and shopping.
8_3	Could you provide information about other types of bikes besides city bikes?
8_4	Can you tell me more about mountain bikes?
8_5	What are the benefits of having big tires on a mountain bike? Do they contribute to speed?
8_6	What are the differences between hardtail and full-suspension mountain bikes?
8_7	What are the differences between the two types of mountain bikes (hardtail and full-suspension) that you mentioned?
8_8	How do mountain bikes compare to road bikes?
8_9	If someone wants to increase the speed of a mountain bike, do they need to customize it, or are there alternative options available?
8_10	Could you provide more details about the hybrid bike you mentioned earlier?
8_11	Do city bikes come with suspension?
8_12	Do you think a suspension is necessary for a city bike?
8_13	What important features should I consider for a bike that I plan to use exclusively in urban areas?
9_1	How can I travel sustainably while addressing my environmental concerns?
9_2	What are some effective ways for me to reduce the environmental impact of my travels?
9_3	Can you recommend some potential destinations for train travel?
9_4	What are some alternative travel destination suggestions that are not Amsterdam, Venice, or Barcelona, considering my preferences for cooler climates?
9_5	Could you provide me with more information about Zurich?
9_6	What are some must-visit spots in Zurich?
9_7	Is the architecture in Zurich predominantly modern?
9_8	What are the differences in architecture between Zurich and the other city you suggested?
9_9	How can I travel to Zurich to experience its medieval architectural style, and what is the duration and cost of the trip if I plan to go next summer?
9_10	What is the carbon footprint of traveling from London to Zurich by train compared to driving there in a car?
9_11	How can I verify if the eco-friendly claims of coffees, hotels, and restaurants are legitimate?
9_12	Could you recommend some local markets in Zurich?
9_13	What souvenirs can I purchase while visiting Zurich?
10_1	What are some tips for starting a garden with plants?
10_2	I would like to start growing simple vegetables outdoors.
10_3	Could you suggest a few simple vegetables for me to start growing in my outdoor garden?
10_4	I'm looking for low-carb vegetables that can withstand colder climates. What would you recommend?
10_5	What recipe can I make using these vegetables?
10_6	I prefer vegetarian recipes. What can I prepare with those vegetables?
10_7	Do you have any advice on how to avoid diseases and pests when growing those vegetables?
10_8	What can you tell me about growing tomatoes?
10_9	When is the best time to start planting traditional tomato varieties?
10_10	I would like to start my garden as soon as possible after moving.
10_11	What are the optimal pH levels for growing tomatoes, beans, and cucumbers?
10_12	Could you provide me with advice on how to reduce the pH of my garden's soil?
10_13	What can I plant immediately after I move?
11_1	I'm seeking guidance on managing my mobility concerns and preventing falls in my home. Can you assist me with this?
11_2	What are some specific signs or examples to identify unsafe conditions in my home?
11_3	What solutions are available to assist me with finding safe support in my bathroom, considering I currently rely on things like towel bars for stability?
11_4	Could you provide more details about grab bars, including their prices?
11_5	Could you provide me with advice on how to install grab bars in my bathroom?
11_6	Could you provide me with a DIY guide for installing grab bars?
11_7	What alternative solution do you recommend, specifically regarding ensuring all surfaces are skidproof in the bathroom?
11_8	What materials are non-slip bathroom mats typically made of?
11_9	What solutions are available to assist me in the event of a fall?
11_10	What solutions are available if I am unable to press the button on a telecare device?
11_11	Can you explain how fall detection devices work?
11_12	Can I wear a fall detection watch outside my house, especially since I'm concerned about falling in general?
11_13	Which fall detection devices are the most reliable? Can you recommend one?
12_1	What factors should I consider when choosing a football team to support now that I've started watching the sport again?
12_2	What are some examples of different play styles in football?
12_3	Could you tell me about some teams that use Total Football and Tiki-taka play styles?
12_4	Can you provide examples of teams that play Tiki-taka besides Barcelona and national teams, and what is the structure of this formation?
12_5	Can you provide me with some football clubs in my local area?
12_6	Which club among FC Bayern Munich, TSV 1860 Munich, and SpVgg Unterhaching is the most successful? Can you tell me about their achievements?
12_7	What can you tell me about the fan base of the most successful club in Munich?
12_8	How does Bayern Munich's fan base compare to that of Real Madrid?
12_9	What resources or suggestions do you have for learning more about Bayern Munich, its history, and inspiring stories related to the club?
12_10	How can I join the FC Bayern Munich fan base, and is there a subreddit for their community, like r/BayernMunich?
13_1	Could you provide me with some advice on purchasing a new computer?
13_2	Should I choose a desktop or a laptop for my new computer?
13_3	What is the expected lifespan of a laptop, considering I plan to use it while traveling?
13_4	Could you provide information about the prices of Apple's 13-inch laptops, particularly given their lifespan of 5 to 7 years?
13_5	What are my options for an 18-inch laptop within a budget of $3,000?
13_6	Could you provide information about the 16-inch MacBook Pro along with its specifications and features?
13_7	What can you tell me about the main memory specifications for the 16-inch MacBook Pro?
13_8	I'm unsure which main memory option to choose, as this computer will be used for my job.
13_9	Can I easily upgrade the RAM in the MacBook Pro myself if I decide to change it later?
13_10	Is it true that I can't even change the battery myself in the MacBook Pro?
13_11	Is there a quick way to determine when to replace the battery, or would it be better to consult a specialist for an estimate on my computer's battery life?
14_1	What are the benefits of having numerous plants in my space?
14_2	Can you provide me with general advice on how to choose new plant species for my home?
14_3	What are some low maintenance plant suggestions that would be suitable for my home?
14_4	Since my cat had a negative reaction to my previous snake plant, which I had to give away, could you recommend other low-maintenance plants that are safe for cats?
14_5	What are the care requirements and suitability of Yucca, Dracaena, and Polka plants for my home?
14_6	What are some low-maintenance vegetables I can grow indoors?
14_7	I will be placing the vegetables in my cubby hole, where my cat won't be able to reach them.
14_8	Can you provide me with tips on how to grow these indoor vegetables?
14_9	Could you provide some suggestions for grow lights that I can use?
14_10	Could you compare Compact Fluorescent Lights and LED Bulbs?
14_11	From the list you mentioned, which plants thrive best in low light conditions?
15_1	What are some well-known camera brands I should consider for my next purchase?
15_2	Which camera brand is the oldest? Is it FujiFilm?
15_3	Could you recommend some camera models for me?
15_4	Could you recommend some mirrorless camera models suitable for landscape photography?
15_5	What are the features of the Sony a6300 camera?
15_6	Can you provide information about FujiFilm cameras?
15_7	Is the FujiFilm X100V model a suitable option as well?
15_8	I can adjust my budget to $1,300 at most. Is the GFX-H1 a suitable option for me?
15_9	Could you provide information about the FujiFilm X-H1 model?
15_10	Can you provide more information about the specifications of the FujiFilm X-H1 model?
15_11	How suitable is the FujiFilm X-H1 for night photography, and can you provide some details on its performance in low-light conditions?
16_1	What are the regulations for hunting in Florida, and do I need a license to hunt on my private lands?
16_2	Could you provide me with the process and cost for purchasing a management area permit?
16_3	Can you provide information on how to purchase hunting licenses online? Additionally, could you tell me about the regulations for fishing and whether completing the hunter education course in another state is acceptable?
16_4	What other animals can I hunt in Florida that might be interesting?
16_5	What is the cost of an alligator hunting license?
16_6	Is the hunting license for white-tailed deer included with the alligator license, and does it apply to my father as well?
16_7	Can you recommend some wildlife management areas (WMAs) for us to visit?
16_8	What is the best time to hunt in the Apalachicola WMA?
16_9	What additional equipment or permits do I need for night hunting?
16_10	Can my dogs assist me while hunting?
16_11	Are there deer available for hunting in this Wildlife Management Area?
